3	000-tokens
91	010-busqueda-global
163	020-tablero
613	030-conversaciones-v2
823	040-calendarios-v2
1147	050-shell
1304	060-sidebar
1633	070-header
1775	080-contactos
2068	090-oportunidades
2402	100-conversaciones-highrise
2657	110-componentes-base
3060	120-configuracion-agencia
3211	130-calendarios
3298	140-oportunidades-kanban
3331	150-marketing
3408	160-selector-subcuentas
3468	170-email-marketing
3483	180-animacion
3503	190-sidebar-colapsado-v6.2
3541	200-menu-configuracion-v6.3
3568	210-espaciado-marco-v6.4
3602	220-ask-ai-v6.5
3692	230-botones-primarios-v6.6
3722	240-tablas-highrise-v6.7
3748	250-modales-menus-v6.8
3790	260-pestanas-verticales-v6.9-v6.10
3825	270-radios-mi-perfil-v6.11-v6.12
3917	280-configuracion-contenedores-v6.13
4050	290-sidebar-subcuenta-v6.14
4121	300-ask-ai-peligro-v6.15
4166	310-header-nombre-vista-v6.16
4214	320-conversaciones-v6.17
4378	330-header-pestanas-v6.18
4406	340-conversaciones-v6.19-v6.22
4624	350-pagos-v6.23
4730	360-pagos-v6.24
4841	370-pagos-v6.25
4930	380-conversaciones-v6.26
4991	390-tooltips-v6.27
5017	400-calendarios-v6.28
5119	410-sidebar-angosto-v6.29
5141	420-ask-ai-cuenta-v6.30-v6.31
5272	430-capa-global-v6.32
5503	440-launchpad-v6.33
5540	450-configuracion-sidebar-v6.34
5546	460-tablero-v6.35
5565	470-conversaciones-v6.36-v6.37
5707	480-configuracion-calendarios-v6.38-v6.39
5760	490-calendarios-v6.40
5795	500-header-v6.41
5804	510-contactos-v6.42
5855	520-tablas-highrise-v6.43
5874	530-configuracion-objetos-v6.44
